d3d063fb-ed51-411e-a4da-a78b990527a2;Quarto 501
05fc5454-ca98-4a16-af63-5c3fbed51907;Quarto 502
2c8bb104-ed51-4fb4-b7f3-fa713106413c;Quarto 503
5d5c395e-da69-4e55-baa6-fd9dfcbf77e8;Quarto 504
074e8343-9083-4d1e-bc16-def230a1ff5d;Quarto 505
4d87b8bf-6f56-417e-99f4-b7a82cae86c4;Quarto 506
1e867bc0-9e04-43d2-8d52-d84aab0330f1;Quarto 507
19f989ce-12ed-4d11-9d54-7bf6c4dcc16c;Quarto 508
2998757c-b51e-4a6a-9013-a45893d518d4;Quarto 401
9284c347-77cd-4c27-aaf7-0ce085a1d709;Quarto 402
40e54951-7517-4c4e-88fe-ae2cab520e28;Quarto 403
a969b131-c15a-4b80-82b8-f44e92732ec0;Quarto 404
040d3bbb-67fb-4c6e-bf7e-9678cf2d0a45;Quarto 405
13e4b0b0-b693-4f57-b2b7-d992528c36b9;Quarto 406
ea7470e7-58ab-4e0e-94e1-dce4b61b0788;Quarto 407
1d2ede9b-5550-4ae8-9587-3271a3fceecd;Quarto 408
59a4567c-31db-499f-a162-825519f87852;WC P3 Geral
1c70e47f-d5ef-49a3-9544-d9eacc34f931;WC P3 Gabinetes
3a296399-4952-48b3-b6a9-3f993ad220e8;WC P2
9e51e364-de69-404d-b47e-8aad2ba1c228;Quarto 201
e597d428-09bb-48d9-80fb-e66a5a4abc5c;Quarto 202
3adb7a37-fd3c-4b99-89c8-3a8479c1107f;Quarto 203
40766e38-db6e-4c2c-85f8-78a255611faa;Quarto 204
ba2c1ac2-ad9b-4d57-905c-33442f8790b3;Quarto 205
34a6a48b-5c0e-45f5-b743-750b68064099;Quarto 206
6105133d-6786-46dd-b230-57b42e7a0ad5;Quarto 207
0ff3e0f7-9354-4a80-9b05-db591afbdee5;Quarto 208
dd410ab6-d995-4cf9-a1f9-72d18c74e8cf;Quarto 209
c71f1d3b-d10c-4154-8826-5eaffc799243;Quarto 210
0cbffee5-d7fa-4d58-aa7d-0fc36182211e;Quarto 211
b505db8c-1ca5-4b77-b413-c23f856da582;Quarto 212
dbd6b1e3-803a-4138-b2eb-5fdfb96507ae;Quarto 213
49fa7d8d-de62-4b78-a398-4ea8d31cdd3b;Quarto 214
d4a702d4-eac7-4a1c-9c93-2d6c83b7096c;Quarto 215
b8bf78e9-53b6-4129-8c61-b8f502274966;Quarto 216
a6a5f400-f7bd-47fe-b642-aeae4a57ccef;WC P1
c174f4d5-6928-433b-a407-7bb4035cde17;Quarto 101
f647c2e6-fc06-4987-9522-e2c27c9ac3a4;Quarto 102
791894aa-54bd-4595-b071-590c68f9a6e1;Quarto 103
1750be79-ed19-4a9f-9fe4-cd2b39c7c492;Quarto 104
b312f135-a735-4467-8056-c63dc29f071f;Quarto 105
11b0a738-9df5-4b3e-b64d-1d37477b9977;Quarto 106
c7742caa-20ce-4802-a261-62f3380bf0cc;Quarto 107
65d127c6-8270-44f9-9f76-0c2262246be3;Quarto 108
04025bdb-1e37-4e9a-b53f-f031eaefcfe1;Quarto 109
cb9c9cb8-d3c2-4ac3-a53b-dd73a2c23bb1;Quarto 110
085e03dd-8113-4ce8-a39f-408f77b62f3b;Quarto 111
ea87d674-0ce6-4ff9-b6a9-d494749bca17;Quarto 112
15eb3066-f5e0-4d0e-a640-5114ab501e5e;Quarto 113
fa7505a0-70cf-47c7-8498-91902986a345;Quarto 114
fd3f3d8b-acee-45c8-b4ec-b0edcc76f8e2;Quarto 115
dbecb148-9659-4a2b-babe-32522680db26;Quarto 116
b9fdf37b-9697-4f8c-98e1-8e38a5490f88;WC P0
57048b3e-f4a6-4aa8-8730-a39fea852328;WC P-2 M.Red
